Workbook
Name Slicer_Required___Optional: #N/A
Name Slicer_Role: #N/A
Name Slicer_Status: #N/A

Sheet Employees
A1: Employee ID | B1: Person Name | C1: Role | D1: Department
A2: EMP001 | B2: Ana Markovic Smith | C2: Senior Clinical Research Associate | D2: Clinical Operations
A3: EMP002 | B3: Marko Petrovic | C3: Clinical Research Associate | D3: Clinical Operations
A4: EMP003 | B4: Jelena Nikolic | C4: Clinical Trial Assistant | D4: Clinical Operations
A5: EMP004 | B5: Stefan Ilic | C5: Data Manager | D5: Data Management

Sheet Courses
A1: Course ID | B1: Training Name | C1: Category | D1: Required? | E1: Validity Months
A2: CRS001 | B2: GCP Training | C2: GCP | D2: Yes | E2: 24
A3: CRS002 | B3: Protocol Training | C3: Protocol | D3: Yes | E3: 12
A4: CRS003 | B4: TMF Training | C4: TMF | D4: Yes | E4: 12
A5: CRS004 | B5: EDC System Training | C5: Systems | D5: Yes | E5: 12
A6: CRS005 | B6: Safety Reporting Training | C6: Safety | D6: Yes | E6: 12
A7: CRS006 | B7: ICH Guidelines Refresher | C7: GCP | D7: No | E7: 24
A8: CRS007 | B8: Investigator Meeting Training | C8: Protocol | D8: Yes | E8: 12
A9: CRS008 | B9: Data Privacy Training | C9: Compliance | D9: Yes | E9: 24

Sheet Training Tracker
A1: Study ID | B1: Employee ID | C1: CourseID | D1: Person Name | E1: Role | F1: Training Name | G1: Training Hours | H1: Required / Optional | I1: Assigned Date | J1: Due Date | K1: Completed Date | L1: Status | M1: Started? | N1: Days Overdue | O1: Hourly Rate | P1: Non Compliance Cost | Q1: Notes
A2: ABC-001 | B2: EMP001 | C2: CRS001 | D2: =IFERROR(INDEX(Employees[Person Name], MATCH(B2, Employees[Employee ID],0)), "Employee not found") -> Ana Markovic Smith | E2: =IFERROR(INDEX(Employees[Role],MATCH(B2,Employees[Employee ID],0)),"Role not found") -> Senior Clinical Research Associate | F2: =IFERROR(INDEX(Courses[Training Name],MATCH(C2,Courses[Course ID],0)),"Course not found") -> GCP Training | G2: 4 | H2: =IFERROR(INDEX(Courses[Required?],MATCH(C2,Courses[Course ID],0)),"Information not found") -> Yes | I2: 46235 | J2: 46242 | K2: 46240 | L2: =IF(K2<>"","Completed",IF(J2<TODAY(),"Overdue",IF(M2="Yes","In Progress","Not Started"))) -> Completed | M2: Yes | N2: =IF(Training_Tracker[[#This Row],[Status]]="Completed",MAX(0,Training_Tracker[[#This Row],[Completed Date]]-Training_Tracker[[#This Row],[Due Date]]),MAX(0,TODAY()-Training_Tracker[[#This Row],[Due Date]])) -> 0
A3: ABC-001 | B3: EMP002 | C3: CRS002 | D3: =IFERROR(INDEX(Employees[Person Name], MATCH(B3, Employees[Employee ID],0)), "Employee not found") -> Marko Petrovic | E3: =IFERROR(INDEX(Employees[Role],MATCH(B3,Employees[Employee ID],0)),"Role not found") -> Clinical Research Associate | F3: =IFERROR(INDEX(Courses[Training Name],MATCH(C3,Courses[Course ID],0)),"Course not found") -> Protocol Training | G3: 3 | H3: =IFERROR(INDEX(Courses[Required?],MATCH(C3,Courses[Course ID],0)),"Information not found") -> Yes | I3: 46236 | J3: 46243 | L3: =IF(K3<>"","Completed",IF(J3<TODAY(),"Overdue",IF(M3="Yes","In Progress","Not Started"))) -> Overdue | M3: Yes | N3: =IF(Training_Tracker[[#This Row],[Status]]="Completed",MAX(0,Training_Tracker[[#This Row],[Completed Date]]-Training_Tracker[[#This Row],[Due Date]]),MAX(0,TODAY()-Training_Tracker[[#This Row],[Due Date]])) -> 57
A4: ABC-001 | B4: EMP003 | C4: CRS003 | D4: =IFERROR(INDEX(Employees[Person Name], MATCH(B4, Employees[Employee ID],0)), "Employee not found") -> Jelena Nikolic | E4: =IFERROR(INDEX(Employees[Role],MATCH(B4,Employees[Employee ID],0)),"Role not found") -> Clinical Trial Assistant | F4: =IFERROR(INDEX(Courses[Training Name],MATCH(C4,Courses[Course ID],0)),"Course not found") -> TMF Training | G4: 2 | H4: =IFERROR(INDEX(Courses[Required?],MATCH(C4,Courses[Course ID],0)),"Information not found") -> Yes | I4: 46237 | J4: 46244 | K4: 46244 | L4: =IF(K4<>"","Completed",IF(J4<TODAY(),"Overdue",IF(M4="Yes","In Progress","Not Started"))) -> Completed | M4: Yes | N4: =IF(Training_Tracker[[#This Row],[Status]]="Completed",MAX(0,Training_Tracker[[#This Row],[Completed Date]]-Training_Tracker[[#This Row],[Due Date]]),MAX(0,TODAY()-Training_Tracker[[#This Row],[Due Date]])) -> 0
A5: ABC-001 | B5: EMP004 | C5: CRS004 | D5: =IFERROR(INDEX(Employees[Person Name], MATCH(B5, Employees[Employee ID],0)), "Employee not found") -> Stefan Ilic | E5: =IFERROR(INDEX(Employees[Role],MATCH(B5,Employees[Employee ID],0)),"Role not found") -> Data Manager | F5: =IFERROR(INDEX(Courses[Training Name],MATCH(C5,Courses[Course ID],0)),"Course not found") -> EDC System Training | G5: 3 | H5: =IFERROR(INDEX(Courses[Required?],MATCH(C5,Courses[Course ID],0)),"Information not found") -> Yes | I5: 46238 | J5: 46245 | L5: =IF(K5<>"","Completed",IF(J5<TODAY(),"Overdue",IF(M5="Yes","In Progress","Not Started"))) -> Overdue | M5: Yes | N5: =IF(Training_Tracker[[#This Row],[Status]]="Completed",MAX(0,Training_Tracker[[#This Row],[Completed Date]]-Training_Tracker[[#This Row],[Due Date]]),MAX(0,TODAY()-Training_Tracker[[#This Row],[Due Date]])) -> 55
A6: ABC-001 | B6: EMP001 | C6: CRS005 | D6: =IFERROR(INDEX(Employees[Person Name], MATCH(B6, Employees[Employee ID],0)), "Employee not found") -> Ana Markovic Smith | E6: =IFERROR(INDEX(Employees[Role],MATCH(B6,Employees[Employee ID],0)),"Role not found") -> Senior Clinical Research Associate | F6: =IFERROR(INDEX(Courses[Training Name],MATCH(C6,Courses[Course ID],0)),"Course not found") -> Safety Reporting Training | G6: 4 | H6: =IFERROR(INDEX(Courses[Required?],MATCH(C6,Courses[Course ID],0)),"Information not found") -> Yes | I6: 46239 | J6: 46246 | K6: 46247 | L6: =IF(K6<>"","Completed",IF(J6<TODAY(),"Overdue",IF(M6="Yes","In Progress","Not Started"))) -> Completed | M6: Yes | N6: =IF(Training_Tracker[[#This Row],[Status]]="Completed",MAX(0,Training_Tracker[[#This Row],[Completed Date]]-Training_Tracker[[#This Row],[Due Date]]),MAX(0,TODAY()-Training_Tracker[[#This Row],[Due Date]])) -> 1
A7: ABC-001 | B7: EMP003 | C7: CRS006 | D7: =IFERROR(INDEX(Employees[Person Name], MATCH(B7, Employees[Employee ID],0)), "Employee not found") -> Jelena Nikolic | E7: =IFERROR(INDEX(Employees[Role],MATCH(B7,Employees[Employee ID],0)),"Role not found") -> Clinical Trial Assistant | F7: =IFERROR(INDEX(Courses[Training Name],MATCH(C7,Courses[Course ID],0)),"Course not found") -> ICH Guidelines Refresher | G7: 2 | H7: =IFERROR(INDEX(Courses[Required?],MATCH(C7,Courses[Course ID],0)),"Information not found") -> No | I7: 46240 | J7: 46254 | L7: =IF(K7<>"","Completed",IF(J7<TODAY(),"Overdue",IF(M7="Yes","In Progress","Not Started"))) -> Overdue | M7: Yes | N7: =IF(Training_Tracker[[#This Row],[Status]]="Completed",MAX(0,Training_Tracker[[#This Row],[Completed Date]]-Training_Tracker[[#This Row],[Due Date]]),MAX(0,TODAY()-Training_Tracker[[#This Row],[Due Date]])) -> 46
A8: ABC-001 | B8: EMP002 | C8: CRS007 | D8: =IFERROR(INDEX(Employees[Person Name], MATCH(B8, Employees[Employee ID],0)), "Employee not found") -> Marko Petrovic | E8: =IFERROR(INDEX(Employees[Role],MATCH(B8,Employees[Employee ID],0)),"Role not found") -> Clinical Research Associate | F8: =IFERROR(INDEX(Courses[Training Name],MATCH(C8,Courses[Course ID],0)),"Course not found") -> Investigator Meeting Training | G8: 5 | H8: =IFERROR(INDEX(Courses[Required?],MATCH(C8,Courses[Course ID],0)),"Information not found") -> Yes | I8: 46241 | J8: 46248 | K8: 46248 | L8: =IF(K8<>"","Completed",IF(J8<TODAY(),"Overdue",IF(M8="Yes","In Progress","Not Started"))) -> Completed | M8: Yes | N8: =IF(Training_Tracker[[#This Row],[Status]]="Completed",MAX(0,Training_Tracker[[#This Row],[Completed Date]]-Training_Tracker[[#This Row],[Due Date]]),MAX(0,TODAY()-Training_Tracker[[#This Row],[Due Date]])) -> 0
A9: ABC-001 | B9: EMP004 | C9: CRS008 | D9: =IFERROR(INDEX(Employees[Person Name], MATCH(B9, Employees[Employee ID],0)), "Employee not found") -> Stefan Ilic | E9: =IFERROR(INDEX(Employees[Role],MATCH(B9,Employees[Employee ID],0)),"Role not found") -> Data Manager | F9: =IFERROR(INDEX(Courses[Training Name],MATCH(C9,Courses[Course ID],0)),"Course not found") -> Data Privacy Training | G9: 2 | H9: =IFERROR(INDEX(Courses[Required?],MATCH(C9,Courses[Course ID],0)),"Information not found") -> Yes | I9: 46242 | J9: 46249 | L9: =IF(K9<>"","Completed",IF(J9<TODAY(),"Overdue",IF(M9="Yes","In Progress","Not Started"))) -> Overdue | M9: Yes | N9: =IF(Training_Tracker[[#This Row],[Status]]="Completed",MAX(0,Training_Tracker[[#This Row],[Completed Date]]-Training_Tracker[[#This Row],[Due Date]]),MAX(0,TODAY()-Training_Tracker[[#This Row],[Due Date]])) -> 51

Sheet TMF Document Tracker
A1: Study ID | B1: Document ID | C1: TMF Zone | D1: Artifact | E1: Document Name | F1: Version | G1: Document Status | H1: Owner | I1: Date Received | J1: Due Date | K1: QC Status | L1: Notes | M1: System Status | N1: Days Overdue | O1: Overall Check
A2: ST-001 | B2: DOC-001 | C2: Trial Management | D2: 1 | E2: Study Plan | F2: 1 | G2: Approved | H2: Ana Markovic Smith | I2: 46235 | J2: 46239 | K2: Passed | L2: Final approved version | M2: =IF(G2="Approved","Completed",IF(J2<TODAY(),"Overdue", IF(G2="Pending QC","In Progress","Not Started"))) -> Completed | N2: =IF(M2="Overdue",MAX(0,TODAY()-J2),0) -> 0 | O2: =IF(OR(K2="Failed",M2="Overdue"),"FAIL","PASS") -> PASS
A3: ST-001 | B3: DOC-002 | C3: Trial Management | D3: 2 | E3: Protocol | F3: 2 | G3: Approved | H3: Marko Petrovic | I3: 46237 | J3: 46241 | K3: Passed | L3: Current protocol version | M3: =IF(G3="Approved","Completed",IF(J3<TODAY(),"Overdue", IF(G3="Pending QC","In Progress","Not Started"))) -> Completed | N3: =IF(M3="Overdue",MAX(0,TODAY()-J3),0) -> 0 | O3: =IF(OR(K3="Failed",M3="Overdue"),"FAIL","PASS") -> PASS
A4: ST-001 | B4: DOC-003 | C4: Regulatory | D4: 1 | E4: Regulatory Approval | F4: 1 | G4: Pending QC | H4: Jelena Nikolic | I4: 46242 | J4: 46246 | K4: In Review | L4: QC review pending | M4: =IF(G4="Approved","Completed",IF(J4<TODAY(),"Overdue", IF(G4="Pending QC","In Progress","Not Started"))) -> Overdue | N4: =IF(M4="Overdue",MAX(0,TODAY()-J4),0) -> 54 | O4: =IF(OR(K4="Failed",M4="Overdue"),"FAIL","PASS") -> FAIL
A5: ST-001 | B5: DOC-004 | C5: Safety | D5: 1 | E5: Safety Management Plan | F5: 1 | G5: Approved | H5: Stefan Ilic | I5: 46239 | J5: 46244 | K5: Passed | L5: No issues identified | M5: =IF(G5="Approved","Completed",IF(J5<TODAY(),"Overdue", IF(G5="Pending QC","In Progress","Not Started"))) -> Completed | N5: =IF(M5="Overdue",MAX(0,TODAY()-J5),0) -> 0 | O5: =IF(OR(K5="Failed",M5="Overdue"),"FAIL","PASS") -> PASS
A6: ST-002 | B6: DOC-005 | C6: Trial Management | D6: 3 | E6: Monitoring Plan | F6: 1 | G6: Draft | H6: Ana Markovic Smith | I6: 46249 | J6: 46256 | K6: Not Started | L6: Awaiting final review | M6: =IF(G6="Approved","Completed",IF(J6<TODAY(),"Overdue", IF(G6="Pending QC","In Progress","Not Started"))) -> Overdue | N6: =IF(M6="Overdue",MAX(0,TODAY()-J6),0) -> 44 | O6: =IF(OR(K6="Failed",M6="Overdue"),"FAIL","PASS") -> FAIL
A7: ST-002 | B7: DOC-006 | C7: Site Management | D7: 1 | E7: Site Initiation Report | F7: 1 | G7: Approved | H7: Marko Petrovic | I7: 46252 | J7: 46254 | K7: Passed | L7: Filed after site initiation | M7: =IF(G7="Approved","Completed",IF(J7<TODAY(),"Overdue", IF(G7="Pending QC","In Progress","Not Started"))) -> Completed | N7: =IF(M7="Overdue",MAX(0,TODAY()-J7),0) -> 0 | O7: =IF(OR(K7="Failed",M7="Overdue"),"FAIL","PASS") -> PASS
A8: ST-002 | B8: DOC-007 | C8: Data Management | D8: 2 | E8: Data Management Plan | F8: 1.1 | G8: Pending QC | H8: Stefan Ilic | I8: 46254 | J8: 46259 | K8: Failed | L8: Missing QC evidence | M8: =IF(G8="Approved","Completed",IF(J8<TODAY(),"Overdue", IF(G8="Pending QC","In Progress","Not Started"))) -> Overdue | N8: =IF(M8="Overdue",MAX(0,TODAY()-J8),0) -> 41 | O8: =IF(OR(K8="Failed",M8="Overdue"),"FAIL","PASS") -> FAIL
A9: ST-002 | B9: DOC-008 | C9: Regulatory | D9: 2 | E9: Ethics Committee Submission | F9: 1 | G9: Overdue | H9: Jelena Nikolic | I9: 46254 | J9: 46262 | K9: Not Started | L9: Submission package incomplete | M9: =IF(G9="Approved","Completed",IF(J9<TODAY(),"Overdue", IF(G9="Pending QC","In Progress","Not Started"))) -> Overdue | N9: =IF(M9="Overdue",MAX(0,TODAY()-J9),0) -> 38 | O9: =IF(OR(K9="Failed",M9="Overdue"),"FAIL","PASS") -> FAIL

Sheet Issue Log
A1: Issue ID | B1: Study ID | C1: Issue Date | D1: Issue Category | E1: Description | F1: Priority | G1: Owner | H1: Status | I1: Due Date | J1: Resolution Date | K1: Days Open | L1: Notes | M1: Overdue?
A2: ISS-001 | B2: ST-001 | C2: 46237 | D2: System Access | E2: CRA unable to access EDC system | F2: High | G2: Ana Markovic Smith | H2: Open | I2: 46239 | K2: =IF(H2="Resolved", J2-C2,TODAY()-C2) -> 63 | L2: Access request submitted | M2: =IF(AND(H2<>"Resolved",I2<TODAY()),"Overdue","On Track") -> Overdue
A3: ISS-002 | B3: ST-001 | C3: 46239 | D3: Data Discrepancy | E3: Missing subject visit data identified in EDC | F3: Medium | G3: Stefan Ilic | H3: In Progress | I3: 46244 | K3: =IF(H3="Resolved", J3-C3,TODAY()-C3) -> 61 | L3: Data review in progress | M3: =IF(AND(H3<>"Resolved",I3<TODAY()),"Overdue","On Track") -> Overdue
A4: ISS-003 | B4: ST-001 | C4: 46242 | D4: TMF | E4: Missing essential document in TMF | F4: High | G4: Jelena Nikolic | H4: Open | I4: 46246 | K4: =IF(H4="Resolved", J4-C4,TODAY()-C4) -> 58 | L4: Document requested from site | M4: =IF(AND(H4<>"Resolved",I4<TODAY()),"Overdue","On Track") -> Overdue
A5: ISS-004 | B5: ST-001 | C5: 46244 | D5: Training | E5: Required GCP training not completed | F5: High | G5: Marko Petrovic | H5: Resolved | I5: 46245 | J5: 46245 | K5: =IF(H5="Resolved", J5-C5,TODAY()-C5) -> 1 | L5: Training completed | M5: =IF(AND(H5<>"Resolved",I5<TODAY()),"Overdue","On Track") -> On Track
A6: ISS-005 | B6: ST-002 | C6: 46249 | D6: QC | E6: Incorrect document version identified | F6: Medium | G6: Jelena Nikolic | H6: In Progress | I6: 46254 | K6: =IF(H6="Resolved", J6-C6,TODAY()-C6) -> 51 | L6: Correct version requested | M6: =IF(AND(H6<>"Resolved",I6<TODAY()),"Overdue","On Track") -> Overdue
A7: ISS-006 | B7: ST-002 | C7: 46252 | D7: System Issue | E7: EDC page not loading for site user | F7: Critical | G7: Stefan Ilic | H7: Open | I7: 46253 | K7: =IF(H7="Resolved", J7-C7,TODAY()-C7) -> 48 | L7: Technical investigation required | M7: =IF(AND(H7<>"Resolved",I7<TODAY()),"Overdue","On Track") -> Overdue
A8: ISS-007 | B8: ST-002 | C8: 46256 | D8: Submission | E8: Late regulatory submission package | F8: High | G8: Jelena Nikolic | H8: Resolved | I8: 46259 | J8: 46258 | K8: =IF(H8="Resolved", J8-C8,TODAY()-C8) -> 2 | L8: Submission completed | M8: =IF(AND(H8<>"Resolved",I8<TODAY()),"Overdue","On Track") -> On Track
A9: ISS-008 | B9: ST-002 | C9: 46259 | D9: Data Quality | E9: Inconsistent subject data detected during review | F9: Medium | G9: Stefan Ilic | H9: Open | I9: 46264 | K9: =IF(H9="Resolved", J9-C9,TODAY()-C9) -> 41 | L9: Requires data verification | M9: =IF(AND(H9<>"Resolved",I9<TODAY()),"Overdue","On Track") -> Overdue

Sheet Deliverables and Milestones
A1: Study ID | B1: Deliverable ID | C1: Deliverable Type | D1: Deliverable Name | E1: Owner | F1: Planned Date | G1: Due Date | H1: Completion Date | I1: Status | J1: Priority | K1: Days Overdue | L1: Overall Check | M1: Notes
A2: ST-001 | B2: DEL-001 | C2: Study Document | D2: Final Study Protocol | E2: Ana Markovic Smith | F2: 46235 | G2: 46239 | H2: 46239 | I2: Completed | J2: High | K2: =IF(I2="Completed", MAX(0,H2-G2),MAX(0,TODAY()-G2)) -> 0 | L2: =IF(OR(I2="Overdue",AND(I2="Completed",H2="")),"FAIL","PASS") -> PASS | M2: Final approved protocol
A3: ST-001 | B3: DEL-002 | C3: Regulatory | D3: Regulatory Submission Package | E3: Jelena Nikolic | F3: 46237 | G3: 46244 | I3: Overdue | J3: Critical | K3: =IF(I3="Completed", MAX(0,H3-G3),MAX(0,TODAY()-G3)) -> 56 | L3: =IF(OR(I3="Overdue",AND(I3="Completed",H3="")),"FAIL","PASS") -> FAIL | M3: Submission package incomplete
A4: ST-001 | B4: DEL-003 | C4: TMF | D4: TMF Filing Package | E4: Marko Petrovic | F4: 46239 | G4: 46246 | I4: In Progress | J4: High | K4: =IF(I4="Completed", MAX(0,H4-G4),MAX(0,TODAY()-G4)) -> 54 | L4: =IF(OR(I4="Overdue",AND(I4="Completed",H4="")),"FAIL","PASS") -> PASS | M4: Filing in progress
A5: ST-001 | B5: DEL-004 | C5: Data | D5: Database Review Report | E5: Stefan Ilic | F5: 46242 | G5: 46249 | H5: 46249 | I5: Completed | J5: Medium | K5: =IF(I5="Completed", MAX(0,H5-G5),MAX(0,TODAY()-G5)) -> 0 | L5: =IF(OR(I5="Overdue",AND(I5="Completed",H5="")),"FAIL","PASS") -> PASS | M5: Database review completed
A6: ST-002 | B6: DEL-005 | C6: Study Document | D6: Monitoring Plan | E6: Ana Markovic Smith | F6: 46249 | G6: 46256 | I6: Draft | J6: High | K6: =IF(I6="Completed", MAX(0,H6-G6),MAX(0,TODAY()-G6)) -> 44 | L6: =IF(OR(I6="Overdue",AND(I6="Completed",H6="")),"FAIL","PASS") -> PASS | M6: Awaiting final review
A7: ST-002 | B7: DEL-006 | C7: Site Management | D7: Site Initiation Report | E7: Marko Petrovic | F7: 46252 | G7: 46254 | H7: 46254 | I7: Completed | J7: Medium | K7: =IF(I7="Completed", MAX(0,H7-G7),MAX(0,TODAY()-G7)) -> 0 | L7: =IF(OR(I7="Overdue",AND(I7="Completed",H7="")),"FAIL","PASS") -> PASS | M7: Site initiation completed
A8: ST-002 | B8: DEL-007 | C8: Data | D8: Data Management Plan | E8: Stefan Ilic | F8: 46254 | G8: 46259 | I8: In Progress | J8: High | K8: =IF(I8="Completed", MAX(0,H8-G8),MAX(0,TODAY()-G8)) -> 41 | L8: =IF(OR(I8="Overdue",AND(I8="Completed",H8="")),"FAIL","PASS") -> PASS | M8: Data management review ongoing
A9: ST-002 | B9: DEL-008 | C9: Regulatory | D9: Ethics Committee Submission | E9: Jelena Nikolic | F9: 46254 | G9: 46262 | I9: Overdue | J9: Critical | K9: =IF(I9="Completed", MAX(0,H9-G9),MAX(0,TODAY()-G9)) -> 38 | L9: =IF(OR(I9="Overdue",AND(I9="Completed",H9="")),"FAIL","PASS") -> FAIL | M9: Submission delayed

Sheet Data Quality
A1: Check | B1: Result
A2: Invalid Employee IDs | B2: =COUNTIF(C12:C19,"Invalid Employee ID") -> 0
A3: Invalid Course IDs | B3: =COUNTIF(E12:E19,"Invalid Course ID") -> 0
A4: Missing Due Dates | B4: =COUNTIF(F12:F19,"Missing Due Date") -> 0
A5: Invalid Date Sequence | B5: =COUNTIF(G12:G19,"Invalid Date Sequence") -> 0
A6: Overall FAIL Records | B6: =COUNTIF(I12:I19,"FAIL") -> 0
A7: Overall PASS Records | B7: =COUNTIF(I12:I19,"PASS") -> 8
A8: Overall Data Quality | B8: =IF(B6=0,"PASS","REVIEW") -> PASS
A11: Row | B11: Employee ID | C11: Employee Check | D11: Course ID | E11: Course Check | F11: Due Date Check | G11: Date Sequence Check | H11: Completion Check | I11: Overall Check
A12: 2 | B12: ='Training Tracker'!B2 -> EMP001 | C12: =IF(COUNTIF(Employees!$A:$A, TRIM(B12))>0,"Valid","Invalid Employee ID") -> Valid | D12: ='Training Tracker'!C2 -> CRS001 | E12: =IF(COUNTIF('Courses'!$A:$A, TRIM(D12))>0, "Valid","Invalid Course ID") -> Valid | F12: =IF('Training Tracker'!J2="","Missing Due Date", "Valid") -> Valid | G12: =IF(OR('Training Tracker'!I2="",'Training Tracker'!J2=""),"Check Missing Date",IF('Training Tracker'!J2<'Training Tracker'!I2,"Invalid Date Sequence","Valid")) -> Valid | H12: =IF('Training Tracker'!L2="Completed", IF('Training Tracker'!K2="","Completed Without Date","Valid"),"N/A") -> Valid | I12: =IF(AND(C12="Valid",E12="Valid",F12="Valid", OR(G12="Valid", G12="Check Missing Date"), OR(H12="Valid",H12="N/A")),"PASS","FAIL") -> PASS
A13: 3 | B13: ='Training Tracker'!B3 -> EMP002 | C13: =IF(COUNTIF(Employees!$A:$A, TRIM(B13))>0,"Valid","Invalid Employee ID") -> Valid | D13: ='Training Tracker'!C3 -> CRS002 | E13: =IF(COUNTIF('Courses'!$A:$A, TRIM(D13))>0, "Valid","Invalid Course ID") -> Valid | F13: =IF('Training Tracker'!J3="","Missing Due Date", "Valid") -> Valid | G13: =IF(OR('Training Tracker'!I3="",'Training Tracker'!J3=""),"Check Missing Date",IF('Training Tracker'!J3<'Training Tracker'!I3,"Invalid Date Sequence","Valid")) -> Valid | H13: =IF('Training Tracker'!L3="Completed", IF('Training Tracker'!K3="","Completed Without Date","Valid"),"N/A") -> N/A | I13: =IF(AND(C13="Valid",E13="Valid",F13="Valid", OR(G13="Valid", G13="Check Missing Date"), OR(H13="Valid",H13="N/A")),"PASS","FAIL") -> PASS
A14: 4 | B14: ='Training Tracker'!B4 -> EMP003 | C14: =IF(COUNTIF(Employees!$A:$A, TRIM(B14))>0,"Valid","Invalid Employee ID") -> Valid | D14: ='Training Tracker'!C4 -> CRS003 | E14: =IF(COUNTIF('Courses'!$A:$A, TRIM(D14))>0, "Valid","Invalid Course ID") -> Valid | F14: =IF('Training Tracker'!J4="","Missing Due Date", "Valid") -> Valid | G14: =IF(OR('Training Tracker'!I4="",'Training Tracker'!J4=""),"Check Missing Date",IF('Training Tracker'!J4<'Training Tracker'!I4,"Invalid Date Sequence","Valid")) -> Valid | H14: =IF('Training Tracker'!L4="Completed", IF('Training Tracker'!K4="","Completed Without Date","Valid"),"N/A") -> Valid | I14: =IF(AND(C14="Valid",E14="Valid",F14="Valid", OR(G14="Valid", G14="Check Missing Date"), OR(H14="Valid",H14="N/A")),"PASS","FAIL") -> PASS
A15: 5 | B15: ='Training Tracker'!B5 -> EMP004 | C15: =IF(COUNTIF(Employees!$A:$A, TRIM(B15))>0,"Valid","Invalid Employee ID") -> Valid | D15: ='Training Tracker'!C5 -> CRS004 | E15: =IF(COUNTIF('Courses'!$A:$A, TRIM(D15))>0, "Valid","Invalid Course ID") -> Valid | F15: =IF('Training Tracker'!J5="","Missing Due Date", "Valid") -> Valid | G15: =IF(OR('Training Tracker'!I5="",'Training Tracker'!J5=""),"Check Missing Date",IF('Training Tracker'!J5<'Training Tracker'!I5,"Invalid Date Sequence","Valid")) -> Valid | H15: =IF('Training Tracker'!L5="Completed", IF('Training Tracker'!K5="","Completed Without Date","Valid"),"N/A") -> N/A | I15: =IF(AND(C15="Valid",E15="Valid",F15="Valid", OR(G15="Valid", G15="Check Missing Date"), OR(H15="Valid",H15="N/A")),"PASS","FAIL") -> PASS
A16: 6 | B16: ='Training Tracker'!B6 -> EMP001 | C16: =IF(COUNTIF(Employees!$A:$A, TRIM(B16))>0,"Valid","Invalid Employee ID") -> Valid | D16: ='Training Tracker'!C6 -> CRS005 | E16: =IF(COUNTIF('Courses'!$A:$A, TRIM(D16))>0, "Valid","Invalid Course ID") -> Valid | F16: =IF('Training Tracker'!J6="","Missing Due Date", "Valid") -> Valid | G16: =IF(OR('Training Tracker'!I6="",'Training Tracker'!J6=""),"Check Missing Date",IF('Training Tracker'!J6<'Training Tracker'!I6,"Invalid Date Sequence","Valid")) -> Valid | H16: =IF('Training Tracker'!L6="Completed", IF('Training Tracker'!K6="","Completed Without Date","Valid"),"N/A") -> Valid | I16: =IF(AND(C16="Valid",E16="Valid",F16="Valid", OR(G16="Valid", G16="Check Missing Date"), OR(H16="Valid",H16="N/A")),"PASS","FAIL") -> PASS
A17: 7 | B17: ='Training Tracker'!B7 -> EMP003 | C17: =IF(COUNTIF(Employees!$A:$A, TRIM(B17))>0,"Valid","Invalid Employee ID") -> Valid | D17: ='Training Tracker'!C7 -> CRS006 | E17: =IF(COUNTIF('Courses'!$A:$A, TRIM(D17))>0, "Valid","Invalid Course ID") -> Valid | F17: =IF('Training Tracker'!J7="","Missing Due Date", "Valid") -> Valid | G17: =IF(OR('Training Tracker'!I7="",'Training Tracker'!J7=""),"Check Missing Date",IF('Training Tracker'!J7<'Training Tracker'!I7,"Invalid Date Sequence","Valid")) -> Valid | H17: =IF('Training Tracker'!L7="Completed", IF('Training Tracker'!K7="","Completed Without Date","Valid"),"N/A") -> N/A | I17: =IF(AND(C17="Valid",E17="Valid",F17="Valid", OR(G17="Valid", G17="Check Missing Date"), OR(H17="Valid",H17="N/A")),"PASS","FAIL") -> PASS
A18: 8 | B18: ='Training Tracker'!B8 -> EMP002 | C18: =IF(COUNTIF(Employees!$A:$A, TRIM(B18))>0,"Valid","Invalid Employee ID") -> Valid | D18: ='Training Tracker'!C8 -> CRS007 | E18: =IF(COUNTIF('Courses'!$A:$A, TRIM(D18))>0, "Valid","Invalid Course ID") -> Valid | F18: =IF('Training Tracker'!J8="","Missing Due Date", "Valid") -> Valid | G18: =IF(OR('Training Tracker'!I8="",'Training Tracker'!J8=""),"Check Missing Date",IF('Training Tracker'!J8<'Training Tracker'!I8,"Invalid Date Sequence","Valid")) -> Valid | H18: =IF('Training Tracker'!L8="Completed", IF('Training Tracker'!K8="","Completed Without Date","Valid"),"N/A") -> Valid | I18: =IF(AND(C18="Valid",E18="Valid",F18="Valid", OR(G18="Valid", G18="Check Missing Date"), OR(H18="Valid",H18="N/A")),"PASS","FAIL") -> PASS
A19: 9 | B19: ='Training Tracker'!B9 -> EMP004 | C19: =IF(COUNTIF(Employees!$A:$A, TRIM(B19))>0,"Valid","Invalid Employee ID") -> Valid | D19: ='Training Tracker'!C9 -> CRS008 | E19: =IF(COUNTIF('Courses'!$A:$A, TRIM(D19))>0, "Valid","Invalid Course ID") -> Valid | F19: =IF('Training Tracker'!J9="","Missing Due Date", "Valid") -> Valid | G19: =IF(OR('Training Tracker'!I9="",'Training Tracker'!J9=""),"Check Missing Date",IF('Training Tracker'!J9<'Training Tracker'!I9,"Invalid Date Sequence","Valid")) -> Valid | H19: =IF('Training Tracker'!L9="Completed", IF('Training Tracker'!K9="","Completed Without Date","Valid"),"N/A") -> N/A | I19: =IF(AND(C19="Valid",E19="Valid",F19="Valid", OR(G19="Valid", G19="Check Missing Date"), OR(H19="Valid",H19="N/A")),"PASS","FAIL") -> PASS

Sheet TMF Data Quality
A1: Check | B1: Result
A2: Missing Document ID | B2: =COUNTIF('TMF Document Tracker'!B2:B9,"") -> 0
A3: Missing Document Name | B3: =COUNTIF('TMF Document Tracker'!E2:E9,"") -> 0
A4: Missing Due Date | B4: =COUNTIF('TMF Document Tracker'!J2:J9,"") -> 0
A5: Invalid Date Sequence | B5: =SUMPRODUCT(--('TMF Document Tracker'!J2:J9<'TMF Document Tracker'!I2:I9)) -> 0
A6: QC Failed | B6: =COUNTIF('TMF Document Tracker'!K2:K9,"Failed") -> 1
A7: Overall FAIL Records | B7: =COUNTIF('TMF Document Tracker'!2:9,"Fail") -> 4

Sheet Training KPIs
A1: KPI | B1: Value
A2: Total Training Hours | B2: =SUM('Training Tracker'!G2:G9) -> 25
A3: Completed Training Hours | B3: =SUMIFS('Training Tracker'!G2:G9,'Training Tracker'!L2:L9,"Completed") -> 15
A4: Required Training Hours | B4: =SUMIFS('Training Tracker'!G2:G9,'Training Tracker'!H2:H9,"Yes") -> 23
A5: Overdue Training Hours | B5: =SUMIFS('Training Tracker'!G2:G9,'Training Tracker'!L2:L9,"Overdue") -> 10
A6: Completed Required Training Hours | B6: =SUMIFS('Training Tracker'!G2:G9,'Training Tracker'!H2:H9,"Yes",'Training Tracker'!L2:L9,"Completed") -> 15
A7: Overdue Required Training Hours | B7: =SUMIFS('Training Tracker'!G2:G9,'Training Tracker'!H2:H9,"Yes",'Training Tracker'!L2:L9,"Overdue") -> 8
A8: Completed Training Records | B8: =COUNTIFS('Training Tracker'!L2:L9,"Completed") -> 4
A9: Overdue Training Records | B9: =COUNTIFS('Training Tracker'!H2:H9,"Yes", 'Training Tracker'!L2:L9,"Overdue") -> 3

Sheet TMF KPIs
A1: KPI | B1: Result
A2: Total Documents | B2: =COUNTA('TMF Document Tracker'!B2:B9) -> 8
A3: Approved Documents | B3: =COUNTIF('TMF Document Tracker'!G2:G9,"Approved") -> 4
A4: Overdue Documents | B4: =COUNTIF('TMF Document Tracker'!G2:G9,"Overdue") -> 1
A5: Pending QC Documents | B5: =COUNTIF('TMF Document Tracker'!G2:G9,"Pending QC") -> 2
A6: QC Failed Documents | B6: =COUNTIF('TMF Document Tracker'!K2:K9,"Failed") -> 1
A7: Completed Documents | B7: =COUNTIF('TMF Document Tracker'!2:9,"PASS") -> 4
A8: Documents in Progress | B8: =COUNTIF('TMF Document Tracker'!M2:M9,"In Progress") -> 0
A9: Documents Not Started | B9: =COUNTIF('TMF Document Tracker'!M2:M9,"Not Started") -> 0

Sheet Issue KPIs
A1: KPI | B1: Result
A2: Total Issues | B2: =COUNTA('Issue Log'!A2:A9) -> 8
A3: Open Issues | B3: =COUNTIF('Issue Log'!H2:H9,"Open") -> 4
A4: In Progress Issues | B4: =COUNTIF('Issue Log'!H2:H9,"In Progress") -> 2
A5: Resolved Issues | B5: =COUNTIF('Issue Log'!H2:H9,"Resolved") -> 2
A6: Critical Issues | B6: =COUNTIF('Issue Log'!F2:F9,"Critical") -> 1
A7: High Priority Issues | B7: =COUNTIF('Issue Log'!F2:F9,"High") -> 4
A8: Overdue Issues | B8: =COUNTIF('Issue Log'!M2:M9,"Overdue") -> 6

Sheet Deliverables KPIs
A1: KPI | B1: Result
A2: Total Deliverables | B2: =COUNTA('Deliverables and Milestones'!B2:B9) -> 8
A3: Completed Deliverables | B3: =COUNTIF('Deliverables and Milestones'!I2:I9,"Completed") -> 3
A4: Overdue Deliverables | B4: =COUNTIF('Deliverables and Milestones'!I2:I9,"Overdue") -> 2
A5: In Progress Deliverables | B5: =COUNTIF('Deliverables and Milestones'!I2:I9,"In Progress") -> 2
A6: Draft Deliverables | B6: =COUNTIF('Deliverables and Milestones'!J2:J9,"Draft") -> 0
A7: Critical Deliverables | B7: =COUNTIF('Deliverables and Milestones'!J2:J9,"Critical") -> 2
A8: High Priority Deliverables | B8: =COUNTIF('Deliverables and Milestones'!J2:J9,"High") -> 4
A9: Failed Deliverables | B9: =COUNTIF('Deliverables and Milestones'!L2:L9,"FAIL") -> 2

Sheet Training Pivot - Emp Status
A3: Count of Training Name | B3: Column Labels
A4: Row Labels | B4: Completed | C4: Overdue | D4: Grand Total
A5: Ana Markovic Smith | B5: 2 | D5: 2
A6: Jelena Nikolic | B6: 1 | C6: 1 | D6: 2
A7: Marko Petrovic | B7: 1 | C7: 1 | D7: 2
A8: Stefan Ilic | C8: 2 | D8: 2
A9: Grand Total | B9: 4 | C9: 4 | D9: 8

Sheet Training Pivot - Role
A3: Count of Training Name | B3: Column Labels
A4: Row Labels | B4: Completed | C4: Overdue | D4: Grand Total
A5: Clinical Research Associate | B5: 1 | C5: 1 | D5: 2
A6: Clinical Trial Assistant | B6: 1 | C6: 1 | D6: 2
A7: Data Manager | C7: 2 | D7: 2
A8: Senior Clinical Research Associate | B8: 2 | D8: 2
A9: Grand Total | B9: 4 | C9: 4 | D9: 8

Sheet Training Pivot - Course Status
A3: Count of Training Name | B3: Column Labels
A4: Row Labels | B4: Completed | C4: Overdue | D4: Grand Total
A5: Data Privacy Training | C5: 1 | D5: 1
A6: EDC System Training | C6: 1 | D6: 1
A7: GCP Training | B7: 1 | D7: 1
A8: ICH Guidelines Refresher | C8: 1 | D8: 1
A9: Investigator Meeting Training | B9: 1 | D9: 1
A10: Protocol Training | C10: 1 | D10: 1
A11: Safety Reporting Training | B11: 1 | D11: 1
A12: TMF Training | B12: 1 | D12: 1
A13: Grand Total | B13: 4 | C13: 4 | D13: 8

Sheet Training Pivot - Hours
A3: Sum of Training Hours | B3: Column Labels
A4: Row Labels | B4: Completed | C4: Overdue | D4: Grand Total
A5: Ana Markovic Smith | B5: 8 | D5: 8
A6: Jelena Nikolic | B6: 2 | C6: 2 | D6: 4
A7: Marko Petrovic | B7: 5 | C7: 3 | D7: 8
A8: Stefan Ilic | C8: 5 | D8: 5
A9: Grand Total | B9: 15 | C9: 10 | D9: 25

Sheet TMF Pivot Status
A3: Count of Document ID | B3: Column Labels
A4: Row Labels | B4: Data Management | C4: Regulatory | D4: Safety | E4: Site Management | F4: Trial Management | G4: Grand Total
A5: Approved | D5: 1 | E5: 1 | F5: 2 | G5: 4
A6: Draft | F6: 1 | G6: 1
A7: Overdue | C7: 1 | G7: 1
A8: Pending QC | B8: 1 | C8: 1 | G8: 2
A9: Grand Total | B9: 1 | C9: 2 | D9: 1 | E9: 1 | F9: 3 | G9: 8

Sheet Training Dashboard
A1: Clinical Training Compliance Dashboard
A2: Total Training Hours | B2: Completed Training Hours | C2: Required Training Hours | D2: Overdue Training Hours | E2: Completed Training Records | F2: Overdue Training Records
A3: ='Training KPIs'!B2 -> 25 | B3: ='Training KPIs'!B3 -> 15 | C3: ='Training KPIs'!B4 -> 23 | D3: ='Training KPIs'!B5 -> 10 | E3: ='Training KPIs'!B8 -> 4 | F3: ='Training KPIs'!B9 -> 3

Sheet TMF Document Control Dashboard
A1: KPI | B1: Result
A2: Total Documents | B2: ='TMF KPIs'!B2 -> 8
A3: Approved Documents | B3: ='TMF KPIs'!B3 -> 4
A4: Overdue Documents | B4: ='TMF KPIs'!B4 -> 1
A5: Pending QC Documents | B5: ='TMF KPIs'!B5 -> 2
A6: QC Failed Documents | B6: ='TMF KPIs'!B6 -> 1
A7: Completed Documents | B7: ='TMF KPIs'!B7 -> 4

Sheet PQ_Training_Output
A1: Study ID | B1: Employee ID | C1: CourseID | D1: Training Hours | E1: Required / Optional | F1: Assigned Date | G1: Due Date | H1: Completed Date | I1: Status | J1: Started? | K1: Days Overdue | L1: Hourly Rate | M1: Non Compliance Cost | N1: Notes | O1: Person Name | P1: Role | Q1: Department | R1: Training Name | S1: Category | T1: Required? | U1: Validity Months | V1: Employee ID Check | W1: Course ID Check | X1: Completion Date Check | Y1: Overall Check | Z1: Overdue?
A2: ABC-001 | B2: EMP001 | C2: CRS001 | D2: 4 | E2: Yes | F2: 46235 | G2: 46242 | H2: 46240 | I2: Completed | J2: Yes | K2: 0 | O2: Ana Markovic Smith | P2: Senior Clinical Research Associate | Q2: Clinical Operations | R2: GCP Training | S2: GCP | T2: Yes | U2: 24 | V2: Valid | W2: Valid | X2: Valid | Y2: PASS | Z2: Not Overdue
A3: ABC-001 | B3: EMP001 | C3: CRS005 | D3: 4 | E3: Yes | F3: 46239 | G3: 46246 | H3: 46247 | I3: Completed | J3: Yes | K3: 1 | O3: Ana Markovic Smith | P3: Senior Clinical Research Associate | Q3: Clinical Operations | R3: Safety Reporting Training | S3: Safety | T3: Yes | U3: 12 | V3: Valid | W3: Valid | X3: Valid | Y3: PASS | Z3: Not Overdue
A4: ABC-001 | B4: EMP002 | C4: CRS002 | D4: 3 | E4: Yes | F4: 46236 | G4: 46243 | I4: Overdue | J4: Yes | K4: 57 | O4: Marko Petrovic | P4: Clinical Research Associate | Q4: Clinical Operations | R4: Protocol Training | S4: Protocol | T4: Yes | U4: 12 | V4: Valid | W4: Valid | X4: Valid | Y4: PASS | Z4: Overdue
A5: ABC-001 | B5: EMP003 | C5: CRS003 | D5: 2 | E5: Yes | F5: 46237 | G5: 46244 | H5: 46244 | I5: Completed | J5: Yes | K5: 0 | O5: Jelena Nikolic | P5: Clinical Trial Assistant | Q5: Clinical Operations | R5: TMF Training | S5: TMF | T5: Yes | U5: 12 | V5: Valid | W5: Valid | X5: Valid | Y5: PASS | Z5: Not Overdue
A6: ABC-001 | B6: EMP004 | C6: CRS004 | D6: 3 | E6: Yes | F6: 46238 | G6: 46245 | I6: Overdue | J6: Yes | K6: 55 | O6: Stefan Ilic | P6: Data Manager | Q6: Data Management | R6: EDC System Training | S6: Systems | T6: Yes | U6: 12 | V6: Valid | W6: Valid | X6: Valid | Y6: PASS | Z6: Overdue
A7: ABC-001 | B7: EMP003 | C7: CRS006 | D7: 2 | E7: No | F7: 46240 | G7: 46254 | I7: Overdue | J7: Yes | K7: 46 | O7: Jelena Nikolic | P7: Clinical Trial Assistant | Q7: Clinical Operations | R7: ICH Guidelines Refresher | S7: GCP | T7: No | U7: 24 | V7: Valid | W7: Valid | X7: Valid | Y7: PASS | Z7: Overdue
A8: ABC-001 | B8: EMP002 | C8: CRS007 | D8: 5 | E8: Yes | F8: 46241 | G8: 46248 | H8: 46248 | I8: Completed | J8: Yes | K8: 0 | O8: Marko Petrovic | P8: Clinical Research Associate | Q8: Clinical Operations | R8: Investigator Meeting Training | S8: Protocol | T8: Yes | U8: 12 | V8: Valid | W8: Valid | X8: Valid | Y8: PASS | Z8: Not Overdue
A9: ABC-001 | B9: EMP004 | C9: CRS008 | D9: 2 | E9: Yes | F9: 46242 | G9: 46249 | I9: Overdue | J9: Yes | K9: 51 | O9: Stefan Ilic | P9: Data Manager | Q9: Data Management | R9: Data Privacy Training | S9: Compliance | T9: Yes | U9: 24 | V9: Valid | W9: Valid | X9: Valid | Y9: PASS | Z9: Overdue

Sheet PQ_Employees_Output
A1: Employee ID | B1: Person Name | C1: Role | D1: Department
A2: EMP001 | B2: Ana Markovic Smith | C2: Senior Clinical Research Associate | D2: Clinical Operations
A3: EMP002 | B3: Marko Petrovic | C3: Clinical Research Associate | D3: Clinical Operations
A4: EMP003 | B4: Jelena Nikolic | C4: Clinical Trial Assistant | D4: Clinical Operations
A5: EMP004 | B5: Stefan Ilic | C5: Data Manager | D5: Data Management

Sheet PQ_Courses_Output
A1: Course ID | B1: Training Name | C1: Category | D1: Required? | E1: Validity Months
A2: CRS001 | B2: GCP Training | C2: GCP | D2: Yes | E2: 24
A3: CRS002 | B3: Protocol Training | C3: Protocol | D3: Yes | E3: 12
A4: CRS003 | B4: TMF Training | C4: TMF | D4: Yes | E4: 12
A5: CRS004 | B5: EDC System Training | C5: Systems | D5: Yes | E5: 12
A6: CRS005 | B6: Safety Reporting Training | C6: Safety | D6: Yes | E6: 12
A7: CRS006 | B7: ICH Guidelines Refresher | C7: GCP | D7: No | E7: 24
A8: CRS007 | B8: Investigator Meeting Training | C8: Protocol | D8: Yes | E8: 12
A9: CRS008 | B9: Data Privacy Training | C9: Compliance | D9: Yes | E9: 24

Sheet PQ_TMF_Output
A1: Study ID | B1: Document ID | C1: TMF Zone | D1: Artifact | E1: Document Name | F1: Version | G1: Document Status | H1: Owner | I1: Date Received | J1: Due Date | K1: QC Status | L1: Notes | M1: System Status | N1: Days Overdue | O1: Overall Check | P1: Document ID Check | Q1: Due Date Check | R1: QC Check
A2: ST-001 | B2: DOC-001 | C2: Trial Management | D2: 1 | E2: Study Plan | F2: 1 | G2: Approved | H2: Ana Markovic Smith | I2: 46235 | J2: 46239 | K2: Passed | L2: Final approved version | M2: Completed | N2: 0 | O2: PASS | P2: Valid | Q2: Valid | R2: Valid
A3: ST-001 | B3: DOC-002 | C3: Trial Management | D3: 2 | E3: Protocol | F3: 2 | G3: Approved | H3: Marko Petrovic | I3: 46237 | J3: 46241 | K3: Passed | L3: Current protocol version | M3: Completed | N3: 0 | O3: PASS | P3: Valid | Q3: Valid | R3: Valid
A4: ST-001 | B4: DOC-003 | C4: Regulatory | D4: 1 | E4: Regulatory Approval | F4: 1 | G4: Pending QC | H4: Jelena Nikolic | I4: 46242 | J4: 46246 | K4: In Review | L4: QC review pending | M4: Overdue | N4: 54 | O4: FAIL | P4: Valid | Q4: Valid | R4: Valid
A5: ST-001 | B5: DOC-004 | C5: Safety | D5: 1 | E5: Safety Management Plan | F5: 1 | G5: Approved | H5: Stefan Ilic | I5: 46239 | J5: 46244 | K5: Passed | L5: No issues identified | M5: Completed | N5: 0 | O5: PASS | P5: Valid | Q5: Valid | R5: Valid
A6: ST-002 | B6: DOC-005 | C6: Trial Management | D6: 3 | E6: Monitoring Plan | F6: 1 | G6: Draft | H6: Ana Markovic Smith | I6: 46249 | J6: 46256 | K6: Not Started | L6: Awaiting final review | M6: Overdue | N6: 44 | O6: FAIL | P6: Valid | Q6: Valid | R6: Valid
A7: ST-002 | B7: DOC-006 | C7: Site Management | D7: 1 | E7: Site Initiation Report | F7: 1 | G7: Approved | H7: Marko Petrovic | I7: 46252 | J7: 46254 | K7: Passed | L7: Filed after site initiation | M7: Completed | N7: 0 | O7: PASS | P7: Valid | Q7: Valid | R7: Valid
A8: ST-002 | B8: DOC-007 | C8: Data Management | D8: 2 | E8: Data Management Plan | F8: 1.1 | G8: Pending QC | H8: Stefan Ilic | I8: 46254 | J8: 46259 | K8: Failed | L8: Missing QC evidence | M8: Overdue | N8: 41 | O8: FAIL | P8: Valid | Q8: Valid | R8: QC Failed
A9: ST-002 | B9: DOC-008 | C9: Regulatory | D9: 2 | E9: Ethics Committee Submission | F9: 1 | G9: Overdue | H9: Jelena Nikolic | I9: 46254 | J9: 46262 | K9: Not Started | L9: Submission package incomplete | M9: Overdue | N9: 38 | O9: FAIL | P9: Valid | Q9: Valid | R9: Valid

Sheet PQ_Issue_Output
A1: Issue ID | B1: Study ID | C1: Issue Date | D1: Issue Category | E1: Description | F1: Priority | G1: Owner | H1: Status | I1: Due Date | J1: Resolution Date | K1: Days Open | L1: Notes | M1: Overdue? | N1: Issue ID Check | O1: Due Date Check | P1: Overall Check PQ
A2: ISS-001 | B2: ST-001 | C2: 46237 | D2: System Access | E2: CRA unable to access EDC system | F2: High | G2: Ana Markovic Smith | H2: Open | I2: 46239 | K2: 63 | L2: Access request submitted | M2: Overdue | N2: Valid | O2: Valid | P2: PASS
A3: ISS-002 | B3: ST-001 | C3: 46239 | D3: Data Discrepancy | E3: Missing subject visit data identified in EDC | F3: Medium | G3: Stefan Ilic | H3: In Progress | I3: 46244 | K3: 61 | L3: Data review in progress | M3: Overdue | N3: Valid | O3: Valid | P3: PASS
A4: ISS-003 | B4: ST-001 | C4: 46242 | D4: TMF | E4: Missing essential document in TMF | F4: High | G4: Jelena Nikolic | H4: Open | I4: 46246 | K4: 58 | L4: Document requested from site | M4: Overdue | N4: Valid | O4: Valid | P4: PASS
A5: ISS-004 | B5: ST-001 | C5: 46244 | D5: Training | E5: Required GCP training not completed | F5: High | G5: Marko Petrovic | H5: Resolved | I5: 46245 | J5: 46245 | K5: 1 | L5: Training completed | M5: On Track | N5: Valid | O5: Valid | P5: PASS
A6: ISS-005 | B6: ST-002 | C6: 46249 | D6: QC | E6: Incorrect document version identified | F6: Medium | G6: Jelena Nikolic | H6: In Progress | I6: 46254 | K6: 51 | L6: Correct version requested | M6: Overdue | N6: Valid | O6: Valid | P6: PASS
A7: ISS-006 | B7: ST-002 | C7: 46252 | D7: System Issue | E7: EDC page not loading for site user | F7: Critical | G7: Stefan Ilic | H7: Open | I7: 46253 | K7: 48 | L7: Technical investigation required | M7: Overdue | N7: Valid | O7: Valid | P7: PASS
A8: ISS-007 | B8: ST-002 | C8: 46256 | D8: Submission | E8: Late regulatory submission package | F8: High | G8: Jelena Nikolic | H8: Resolved | I8: 46259 | J8: 46258 | K8: 2 | L8: Submission completed | M8: On Track | N8: Valid | O8: Valid | P8: PASS
A9: ISS-008 | B9: ST-002 | C9: 46259 | D9: Data Quality | E9: Inconsistent subject data detected during review | F9: Medium | G9: Stefan Ilic | H9: Open | I9: 46264 | K9: 41 | L9: Requires data verification | M9: Overdue | N9: Valid | O9: Valid | P9: PASS

Sheet PQ_Deliverables_Output
A1: Study ID | B1: Deliverable ID | C1: Deliverable Type | D1: Deliverable Name | E1: Owner | F1: Planned Date | G1: Due Date | H1: Completion Date | I1: Status | J1: Priority | K1: Days Overdue | L1: Overall Check | M1: Notes | N1: Deliverable ID Check | O1: Due Date Check | P1: Overall Check PQ
A2: ST-001 | B2: DEL-001 | C2: Study Document | D2: Final Study Protocol | E2: Ana Markovic Smith | F2: 46235 | G2: 46239 | H2: 46239 | I2: Completed | J2: High | K2: 0 | L2: PASS | M2: Final approved protocol | N2: Valid | O2: Valid | P2: PASS
A3: ST-001 | B3: DEL-002 | C3: Regulatory | D3: Regulatory Submission Package | E3: Jelena Nikolic | F3: 46237 | G3: 46244 | I3: Overdue | J3: Critical | K3: 56 | L3: FAIL | M3: Submission package incomplete | N3: Valid | O3: Valid | P3: PASS
A4: ST-001 | B4: DEL-003 | C4: TMF | D4: TMF Filing Package | E4: Marko Petrovic | F4: 46239 | G4: 46246 | I4: In Progress | J4: High | K4: 54 | L4: PASS | M4: Filing in progress | N4: Valid | O4: Valid | P4: PASS
A5: ST-001 | B5: DEL-004 | C5: Data | D5: Database Review Report | E5: Stefan Ilic | F5: 46242 | G5: 46249 | H5: 46249 | I5: Completed | J5: Medium | K5: 0 | L5: PASS | M5: Database review completed | N5: Valid | O5: Valid | P5: PASS
A6: ST-002 | B6: DEL-005 | C6: Study Document | D6: Monitoring Plan | E6: Ana Markovic Smith | F6: 46249 | G6: 46256 | I6: Draft | J6: High | K6: 44 | L6: PASS | M6: Awaiting final review | N6: Valid | O6: Valid | P6: PASS
A7: ST-002 | B7: DEL-006 | C7: Site Management | D7: Site Initiation Report | E7: Marko Petrovic | F7: 46252 | G7: 46254 | H7: 46254 | I7: Completed | J7: Medium | K7: 0 | L7: PASS | M7: Site initiation completed | N7: Valid | O7: Valid | P7: PASS
A8: ST-002 | B8: DEL-007 | C8: Data | D8: Data Management Plan | E8: Stefan Ilic | F8: 46254 | G8: 46259 | I8: In Progress | J8: High | K8: 41 | L8: PASS | M8: Data management review ongoing | N8: Valid | O8: Valid | P8: PASS
A9: ST-002 | B9: DEL-008 | C9: Regulatory | D9: Ethics Committee Submission | E9: Jelena Nikolic | F9: 46254 | G9: 46262 | I9: Overdue | J9: Critical | K9: 38 | L9: FAIL | M9: Submission delayed | N9: Valid | O9: Valid | P9: PASS
